{
    "image_name": "snapshot_005.jpg",
    "detections": [
        {
            "class": "Banana",
            "confidence": 0.9040511846542358,
            "x1": 70.81268310546875,
            "y1": 0.0,
            "x2": 319.8563232421875,
            "y2": 199.61883544921875
        }
    ]
}