{
    "image_name": "snapshot_001.jpg",
    "detections": [
        {
            "class": "Banana",
            "confidence": 0.8819645047187805,
            "x1": 2.1585693359375,
            "y1": 0.0,
            "x2": 320.0,
            "y2": 169.65237426757812
        }
    ]
}