{
    "image_name": "snapshot_007.jpg",
    "detections": [
        {
            "class": "Banana",
            "confidence": 0.44120338559150696,
            "x1": 161.094482421875,
            "y1": 3.1135406494140625,
            "x2": 319.8942565917969,
            "y2": 240.0
        }
    ]
}