{
    "image_name": "snapshot_004.jpg",
    "detections": [
        {
            "class": "Banana",
            "confidence": 0.8610239028930664,
            "x1": 62.139801025390625,
            "y1": 0.0,
            "x2": 320.0,
            "y2": 139.91680908203125
        }
    ]
}