{
    "image_name": "snapshot_002.jpg",
    "detections": [
        {
            "class": "Banana",
            "confidence": 0.7657672166824341,
            "x1": 18.8525390625,
            "y1": 0.0607147216796875,
            "x2": 319.603515625,
            "y2": 156.39337158203125
        }
    ]
}