{
    "image_name": "snapshot_012.jpg",
    "counts": {
        "Apple": 1,
        "Orange": 1
    },
    "detections": [
        {
            "class": "Apple",
            "confidence": 0.7937704920768738,
            "x1": 37.513885498046875,
            "y1": 9.660781860351562,
            "x2": 320.0,
            "y2": 239.89559936523438
        },
        {
            "class": "Orange",
            "confidence": 0.7646198868751526,
            "x1": 30.577285766601562,
            "y1": 14.078399658203125,
            "x2": 210.17454528808594,
            "y2": 173.49713134765625
        }
    ]
}