{
    "image_name": "snapshot_006.jpg",
    "counts": {
        "Apple": 1
    },
    "detections": [
        {
            "class": "Apple",
            "confidence": 0.4024701416492462,
            "x1": 47.320594787597656,
            "y1": 1.746826171875,
            "x2": 229.06973266601562,
            "y2": 195.61697387695312
        }
    ]
}