{
    "image_name": "snapshot_004.jpg",
    "counts": {
        "Apple": 1
    },
    "detections": [
        {
            "class": "Apple",
            "confidence": 0.8789238333702087,
            "x1": 103.29449462890625,
            "y1": 1.5489349365234375,
            "x2": 305.35260009765625,
            "y2": 212.0123291015625
        }
    ]
}