{
    "image_name": "snapshot_037.jpg",
    "counts": {
        "Apple": 1
    },
    "detections": [
        {
            "class": "Apple",
            "confidence": 0.8378406167030334,
            "x1": 276.5624084472656,
            "y1": 147.9088897705078,
            "x2": 607.0836791992188,
            "y2": 477.8272399902344
        }
    ],
    "weight": 0.13,
    "fruit_id": 3
}