{
    "image_name": "snapshot_020.jpg",
    "counts": {
        "Apple": 1
    },
    "detections": [
        {
            "class": "Apple",
            "confidence": 0.5801846385002136,
            "x1": 95.36700439453125,
            "y1": 89.30516815185547,
            "x2": 246.45477294921875,
            "y2": 235.07830810546875
        }
    ]
}