{
    "image_name": "snapshot_018.jpg",
    "counts": {
        "Apple": 1
    },
    "detections": [
        {
            "class": "Apple",
            "confidence": 0.5499448776245117,
            "x1": 99.61383056640625,
            "y1": 102.17234802246094,
            "x2": 252.9547119140625,
            "y2": 239.9794158935547
        }
    ]
}