{
    "image_name": "snapshot_017.jpg",
    "counts": {
        "Apple": 1
    },
    "detections": [
        {
            "class": "Apple",
            "confidence": 0.45788881182670593,
            "x1": 99.53610229492188,
            "y1": 113.14544677734375,
            "x2": 254.55154418945312,
            "y2": 239.72393798828125
        }
    ]
}