{
    "image_name": "snapshot_006.jpg",
    "detections": [
        {
            "class": "Banana",
            "confidence": 0.4522198736667633,
            "x1": 53.1116943359375,
            "y1": 0.457550048828125,
            "x2": 319.7742919921875,
            "y2": 240.0
        },
        {
            "class": "Banana",
            "confidence": 0.430451363325119,
            "x1": 227.58987426757812,
            "y1": 0.0,
            "x2": 319.9877624511719,
            "y2": 216.88949584960938
        }
    ]
}