{
    "image_name": "snapshot_008.jpg",
    "detections": [
        {
            "class": "Banana",
            "confidence": 0.5266653895378113,
            "x1": 152.35968017578125,
            "y1": 29.90679931640625,
            "x2": 320.0,
            "y2": 239.89596557617188
        }
    ]
}