{
    "image_name": "snapshot_000.jpg",
    "detections": [
        {
            "class": "Banana",
            "confidence": 0.4600101113319397,
            "x1": 0.0,
            "y1": 0.0,
            "x2": 319.8245849609375,
            "y2": 239.83877563476562
        }
    ]
}