{
    "image_name": "snapshot_003.jpg",
    "detections": [
        {
            "class": "Banana",
            "confidence": 0.8599846959114075,
            "x1": 21.2230224609375,
            "y1": 0.0,
            "x2": 316.67706298828125,
            "y2": 169.96817016601562
        }
    ]
}