{
    "image_name": "snapshot_010.jpg",
    "counts": {
        "Grapes": 1
    },
    "detections": [
        {
            "class": "Grapes",
            "confidence": 0.647581934928894,
            "x1": 43.88517761230469,
            "y1": 71.4350357055664,
            "x2": 203.14584350585938,
            "y2": 187.36843872070312
        }
    ]
}