{
    "image_name": "snapshot_013.jpg",
    "counts": {
        "Grapes": 1
    },
    "detections": [
        {
            "class": "Grapes",
            "confidence": 0.8902959823608398,
            "x1": 44.38477325439453,
            "y1": 1.3377685546875,
            "x2": 240.1805419921875,
            "y2": 127.76571655273438
        }
    ]
}