{
    "image_name": "snapshot_012.jpg",
    "counts": {
        "Grapes": 1
    },
    "detections": [
        {
            "class": "Grapes",
            "confidence": 0.6962006688117981,
            "x1": 36.71131896972656,
            "y1": 65.8551025390625,
            "x2": 204.6144561767578,
            "y2": 185.84268188476562
        }
    ]
}