{
    "image_name": "snapshot_008.jpg",
    "counts": {
        "Grapes": 1
    },
    "detections": [
        {
            "class": "Grapes",
            "confidence": 0.665015697479248,
            "x1": 47.029624938964844,
            "y1": 60.279388427734375,
            "x2": 209.79483032226562,
            "y2": 172.4384307861328
        }
    ]
}