{
    "image_name": "snapshot_008.jpg",
    "counts": {
        "Orange": 1
    },
    "detections": [
        {
            "class": "Orange",
            "confidence": 0.26018524169921875,
            "x1": 92.58639526367188,
            "y1": 94.57563781738281,
            "x2": 227.13455200195312,
            "y2": 224.8207550048828
        }
    ]
}