{
    "image_name": "snapshot_010.jpg",
    "counts": {
        "Orange": 1
    },
    "detections": [
        {
            "class": "Orange",
            "confidence": 0.32522398233413696,
            "x1": 92.12989044189453,
            "y1": 52.31535339355469,
            "x2": 225.6705322265625,
            "y2": 169.52882385253906
        }
    ]
}