{
    "image_name": "snapshot_010.jpg",
    "counts": {
        "Orange": 1
    },
    "detections": [
        {
            "class": "Orange",
            "confidence": 0.25698718428611755,
            "x1": 72.9738998413086,
            "y1": 92.12915802001953,
            "x2": 201.12503051757812,
            "y2": 218.3154296875
        }
    ]
}