{
    "image_name": "snapshot_006.jpg",
    "counts": {
        "Orange": 1
    },
    "detections": [
        {
            "class": "Orange",
            "confidence": 0.37042078375816345,
            "x1": 193.35507202148438,
            "y1": 51.63130187988281,
            "x2": 320.0,
            "y2": 155.90164184570312
        }
    ]
}