{
    "image_name": "snapshot_007.jpg",
    "counts": {
        "Orange": 1
    },
    "detections": [
        {
            "class": "Orange",
            "confidence": 0.6202749013900757,
            "x1": 98.18899536132812,
            "y1": 96.92572021484375,
            "x2": 230.64559936523438,
            "y2": 224.35736083984375
        }
    ]
}