{
    "image_name": "snapshot_008.jpg",
    "counts": {
        "Orange": 1
    },
    "detections": [
        {
            "class": "Orange",
            "confidence": 0.5925902724266052,
            "x1": 128.08294677734375,
            "y1": 39.44041442871094,
            "x2": 258.65167236328125,
            "y2": 146.04302978515625
        }
    ]
}