{
    "image_name": "snapshot_000.jpg",
    "counts": {
        "Pineapple": 1
    },
    "detections": [
        {
            "class": "Pineapple",
            "confidence": 0.4913378953933716,
            "x1": 131.00025939941406,
            "y1": 62.754180908203125,
            "x2": 242.66444396972656,
            "y2": 172.87994384765625
        }
    ]
}