{
  "image_name": "snapshot_002.jpg",
  "counts": {
    "Pineapple": 2
  },
  "detections": [
    {
      "class": "Pineapple",
      "confidence": 0.4290544390678406,
      "x1": 106.854736328125,
      "y1": 41.35166931152344,
      "x2": 215.45944213867188,
      "y2": 140.94068908691406
    },
    {
      "class": "Apple",
      "confidence": 0.2518118917942047,
      "x1": 53.01239013671875,
      "y1": 41.95073699951172,
      "x2": 277.7159118652344,
      "y2": 239.906494140625
    }
  ]
}
