{
    "image_name": "snapshot_002.jpg",
    "counts": {
        "Sugerapple": 1
    },
    "detections": [
        {
            "class": "Sugerapple",
            "confidence": 0.9364781379699707,
            "x1": 128.15924072265625,
            "y1": 63.450111389160156,
            "x2": 272.73883056640625,
            "y2": 218.90615844726562
        }
    ]
}