{
    "image_name": "snapshot_000.jpg",
    "counts": {
        "Sugerapple": 1
    },
    "detections": [
        {
            "class": "Sugerapple",
            "confidence": 0.9106963276863098,
            "x1": 105.25357055664062,
            "y1": 37.33009338378906,
            "x2": 290.8627014160156,
            "y2": 238.4363250732422
        }
    ]
}