{
    "image_name": "snapshot_012.jpg",
    "counts": {
        "Sugerapple": 1
    },
    "detections": [
        {
            "class": "Sugerapple",
            "confidence": 0.9411678314208984,
            "x1": 128.002685546875,
            "y1": 126.92179870605469,
            "x2": 252.74844360351562,
            "y2": 240.0
        }
    ]
}