{
    "image_name": "snapshot_000.jpg",
    "counts": {
        "Sugerapple": 1
    },
    "detections": [
        {
            "class": "Sugerapple",
            "confidence": 0.9423841238021851,
            "x1": 101.18017578125,
            "y1": 41.99852752685547,
            "x2": 269.25244140625,
            "y2": 228.29534912109375
        }
    ]
}