{
    "image_name": "snapshot_014.jpg",
    "counts": {
        "Sugerapple": 1
    },
    "detections": [
        {
            "class": "Sugerapple",
            "confidence": 0.9019883275032043,
            "x1": 107.31376647949219,
            "y1": 123.27505493164062,
            "x2": 236.94801330566406,
            "y2": 239.59463500976562
        }
    ]
}