{
    "image_name": "snapshot_002.jpg",
    "counts": {
        "Sugerapple": 1
    },
    "detections": [
        {
            "class": "Sugerapple",
            "confidence": 0.8253609538078308,
            "x1": 127.96808624267578,
            "y1": 25.133956909179688,
            "x2": 286.32391357421875,
            "y2": 176.26087951660156
        }
    ]
}